Subdireccion,Eje,Indicador,Formula,Meta2026,Base2025,Fuente,Frecuencia,EstadoDato,Vs2025,Compartido,Nota
Objetivos compartidos,03. Resultados financieros,EBITDA consolidado SUMIMSA,EBITDA real ÷ EBITDA presupuestado,≥ 100% · $40.46 MUSD,96% ($38.7 de $40.5 MUSD),Business Central · P&L,Mensual,Existe en sistema,Se mantiene,X,Disparador del bono corporativo. Mismo rol que en 2025.
Objetivos compartidos,02. Entregar mejor,On Time Delivery corporativo (OTIF),"Entregas y servicios completos y en fecha ÷ Comprometidos, todas las unidades",≥ 95%,36%,Power BI · Servicio,Semanal,Existe en sistema,Ajustado,X,Pasa de indicador de Cadena y Talleres a objetivo de todos: la entrega es el negocio.
Objetivos compartidos,04. Data correcta y actualizada,Índice de calidad de datos maestros,"Registros completos, únicos y vigentes ÷ Total en los 5 maestros (artículos, clientes, proveedores, activos, empleados)",≥ 95%,Sin medición,Business Central · script de calidad,Mensual,Por construir,Nuevo,X,Cada subdirección es dueña de un maestro; TI mide y publica el índice.
Técnica · Operaciones,01. Vender más,Ingresos vs. presupuesto por unidad,"Ingreso facturado ÷ Ingreso presupuestado (Talleres, TBX, líneas de Proyectos y Servicios)",≥ 100%,Talleres 101% · TBX $46.2 MUSD meta,Business Central · P&L por unidad,Mensual,Existe en sistema,Se mantiene,,Se mantiene como ancla comercial de la subdirección.
Técnica · Operaciones,01. Vender más,Profundidad de catálogo por cliente,Líneas de producto o servicio distintas facturadas a cada cliente activo ÷ Líneas del portafolio (8),≥ 3 líneas por cliente activo,Sin medición,Business Central · ventas por cliente y línea,Trimestral,Por construir,Nuevo,,Mide cuánto del portafolio compra cada cliente. Pemex activo por activo cuenta como cliente distinto.
Técnica · Operaciones,01. Vender más,Venta cruzada en contratos activos,Contratos o clientes con más de una línea facturada ÷ Contratos o clientes activos,≥ 40%,Sin medición,Business Central · ventas por contrato,Trimestral,Por construir,Nuevo,,Un contrato de bombas de lodo que además renta preventores o consume refacciones es venta cruzada.
Técnica · Operaciones,01. Vender más,Backlog contratado,Meses de ingreso cubiertos por contratos firmados,≥ 12 meses,Sin medición,Contratos · Comercial,Mensual,Parcial,Nuevo,,Da visibilidad para invertir en flota.
Técnica · Operaciones,01. Vender más,Utilización de flota y contenedores,Días rentados ÷ Días disponibles por línea,≥ 80% · TBX 100% del presupuesto de contenedores,TBX presupuesto de contenedores,Power BI · TBX y flota,Mensual,Parcial,Se mantiene,,TBX ya lo mide; Talleres y líneas de Proyectos por construir.
Técnica · Operaciones,01. Vender más,Contratos de gobierno ejercidos,"Contratos con consumo de monto ÷ Contratos vigentes (601, 602, 625)",100% ejercidos · $15 MUSD,100%,Business Central · contratos,Mensual,Existe en sistema,Se mantiene,,Ningún contrato de gobierno sin ejercer ventas.
Técnica · Operaciones,02. Entregar mejor,OTIF de servicio en sitio,Servicios completos y en fecha ÷ Servicios comprometidos,≥ 95%,36%,Power BI · Servicio,Semanal,Existe en sistema,Se mantiene,,Es la parte operativa del OTD corporativo.
Técnica · Operaciones,02. Entregar mejor,Tiempo no productivo atribuible (NPT),Horas de paro por causa SUMIMSA ÷ Horas contratadas,≤ 2%,Sin medición,Reportes de operación · por construir en BC,Mensual,Por construir,Nuevo,,IADC: el proveedor debe mantenerse ≤ 2–3%.
Técnica · Operaciones,02. Entregar mejor,Trabajos conciliados y estimados,"Servicios ejecutados conciliados con el cliente y estimados, listos para facturar ÷ Servicios ejecutados",100%,Meta 2026 TBX,Business Central · órdenes de servicio,Mensual,Parcial,Se mantiene,,Ya está en el catálogo TBX; se extiende a toda la operación.
Técnica · Operaciones,03. Resultados financieros,EBITDA por unidad de negocio,"EBITDA de la unidad ÷ Ingreso de la unidad (Talleres, TBX, líneas)",Talleres ≥ 28% · TBX ≥ 28% · líneas 25–35%,Talleres 27.25%,Business Central · P&L por unidad,Mensual,Existe en sistema,Se mantiene,,Cada gerente de línea responde por el suyo; el subdirector por el agregado.
Técnica · Operaciones,03. Resultados financieros,Margen bruto por unidad,(Ingreso − Costo de ventas) ÷ Ingreso,≥ 31%,28%,Business Central · P&L por unidad,Mensual,Existe en sistema,Se mantiene,,
Técnica · Operaciones,03. Resultados financieros,EBITDA por headcount,EBITDA de la unidad ÷ Plantilla promedio,"≥ $60,000 USD","$64,000 USD",Business Central + nómina,Trimestral,Existe en sistema,Se mantiene,,
Técnica · Operaciones,04. Data correcta y actualizada,Pedidos de venta registrados y al día,Servicios con pedido de venta capturado antes de ejecutar y con estatus actualizado ÷ Servicios ejecutados,100%,Sin medición,Business Central · pedidos de venta,Semanal,Parcial,Nuevo,,"Ningún servicio arranca sin pedido en sistema; el estatus (cotizado, autorizado, en ejecución, facturado) se actualiza en el día."
Técnica · Operaciones,04. Data correcta y actualizada,Órdenes de servicio cerradas en sistema,Órdenes cerradas en BC ≤ 48 h después de la ejecución física ÷ Órdenes ejecutadas,100%,Sin medición,Business Central · órdenes de servicio,Semanal,Parcial,Nuevo,,Lo que no está cerrado en sistema no se estima ni se factura.
Técnica · Operaciones,04. Data correcta y actualizada,Maestro de equipos y flota al día,"Equipos con ubicación, estatus, horómetro y certificado vigentes en sistema ÷ Flota total",100%,Sin medición,Business Central · activos y flota,Mensual,Por construir,Nuevo,,"Es el maestro que la subdirección debe mantener. Alimenta utilización, mantenimiento y activo fijo."
Técnica · Operaciones,04. Data correcta y actualizada,Tablero operativo actualizado,"Tablero de utilización, OTIF y NPT publicado con datos de la semana anterior","Semanal, sin retraso",Parcial (TBX y P&L),Power BI,Semanal,Parcial,Nuevo,,
Técnica · Operaciones,05. Control interno y procesos,Certificaciones de equipo y personal vigentes,Equipos y técnicos con certificación vigente ÷ Los que la requieren,100%,Sin medición,Registro de certificaciones · CH,Mensual,Parcial,Nuevo,,"API 6A / 7K / 53, SEMAR, OCIMF según línea. Sin certificado no se factura."
Técnica · Operaciones,05. Control interno y procesos,Índice de accidentes registrables (TRIR),"Accidentes registrables × 1,000,000 ÷ Horas hombre",≤ 0.5,Sin medición,Seguridad · reportes STPS,Mensual,Parcial,Nuevo,,IOGP: top quartile < 0.5. Es requisito de precalificación.
Técnica · Operaciones,05. Control interno y procesos,Mantenimiento preventivo cumplido,Órdenes preventivas ejecutadas en calendario ÷ Programadas,≥ 95%,Sin medición,Business Central · mantenimiento,Mensual,Parcial,Nuevo,,
Técnica · Operaciones,05. Control interno y procesos,Servicios ejecutados con orden del cliente,Servicios con contrato u orden de compra del cliente antes de ejecutar ÷ Servicios ejecutados,100%,Sin medición,Business Central · pedidos de venta,Mensual,Parcial,Nuevo,,Cierra la fuga de trabajo ejecutado sin respaldo contractual.
Cadena de Suministros,01. Vender más,OTIF de abasto a operación,Entregas completas y en fecha a las unidades operativas ÷ Solicitadas,≥ 95%,36% (nivel de servicio),Power BI · Servicio,Semanal,Existe en sistema,Se mantiene,,Es el abasto que habilita la venta: sin refacción en sitio no hay servicio.
Cadena de Suministros,01. Vender más,Disponibilidad de refacciones críticas (fill rate A),Líneas de ítems clase A surtidas del inventario al primer pedido ÷ Líneas solicitadas,≥ 97%,Sin medición,Business Central · inventario,Semanal,Parcial,Nuevo,,Los ítems A son los que paran la operación si faltan.
Cadena de Suministros,01. Vender más,Tiempo de respuesta a requisición urgente,Horas de requisición urgente autorizada a entrega en sitio,≤ 48 h,Sin medición,Business Central · requisiciones,Mensual,Parcial,Nuevo,,
Cadena de Suministros,02. Entregar mejor,Cumplimiento de abasto de proveedores,Órdenes recibidas completas y a tiempo ÷ Órdenes colocadas,≥ 95%,59%,Power BI · Compras,Mensual,Existe en sistema,Se mantiene,,Top quartile APQC 95–98%.
Cadena de Suministros,02. Entregar mejor,Ciclo de compra requisición a orden,Días hábiles de requisición aprobada a orden de compra colocada,≤ 7 días,Sin medición,Business Central · compras,Mensual,Parcial,Nuevo,,"APQC: mediana 8–10, top quartile 4–5."
Cadena de Suministros,02. Entregar mejor,Lead time real vs. pactado,Días de orden a recepción ÷ Días pactados con el proveedor,≤ 105%,Sin medición,Business Central · compras,Mensual,Parcial,Nuevo,,
Cadena de Suministros,03. Resultados financieros,Costo de la cadena sobre ingresos,Costo de ventas ÷ Ingresos netos,≤ 45%,48%,Business Central · P&L,Mensual,Existe en sistema,Se mantiene,,
Cadena de Suministros,03. Resultados financieros,Rotación de inventario,Costo de ventas ÷ Inventario promedio,≥ 3 vueltas/año,2.29,Power BI · Inventarios,Mensual,Existe en sistema,Se mantiene,,
Cadena de Suministros,03. Resultados financieros,Inventario obsoleto y de lento movimiento,Valor sin movimiento > 12 meses ÷ Valor total del inventario,≤ 5%,Sin medición · TBX meta reducir $4 MUSD,Business Central · inventario,Trimestral,Parcial,Nuevo,,Benchmark oilfield 5–10%.
Cadena de Suministros,03. Resultados financieros,Ahorro en compras,Ahorro negociado ÷ Gasto base del año anterior,≥ 5%,Sin medición,Compras · registro de negociaciones,Trimestral,Por construir,Nuevo,,
Cadena de Suministros,04. Data correcta y actualizada,Confiabilidad de inventario,Registros exactos en conteo cíclico ÷ Registros contados,≥ 95%,89.5%,Power BI · Inventarios,Mensual,Existe en sistema,Ajustado,,Meta ajustada a 95% por indicación de Dirección. Clase mundial 99%.
Cadena de Suministros,04. Data correcta y actualizada,Maestro de artículos depurado,"Artículos sin duplicado, con familia, marca, unidad de medida y costo vigente ÷ Total de artículos activos",100%,60% (catálogos y costos actualizados),Business Central · maestro de artículos,Mensual,Parcial,Ajustado,,"Es el maestro del que Cadena es dueña. Base 2025 de ""catálogos y costos actualizados""."
Cadena de Suministros,04. Data correcta y actualizada,Maestro de proveedores vigente,"Proveedores con RFC validado, datos bancarios, contrato y revisión 69-B ÷ Proveedores activos",100%,Sin medición,Business Central · maestro de proveedores,Trimestral,Parcial,Nuevo,,Un proveedor en lista 69-B del SAT invalida la deducción.
Cadena de Suministros,04. Data correcta y actualizada,Recepciones registradas en sistema el mismo día,Recepciones capturadas en BC ≤ 24 h de la entrega física ÷ Recepciones,100%,Sin medición,Business Central · recepciones,Semanal,Parcial,Nuevo,,"Sin recepción en sistema, el inventario y la cuenta por pagar están mal."
Cadena de Suministros,05. Control interno y procesos,Compras con orden de compra previa,Compras con OC autorizada antes de la recepción ÷ Total de compras,≥ 98%,Sin medición,Business Central · compras,Mensual,Parcial,Nuevo,,Cero compras de emergencia sin OC. Es el control que pidió Dirección.
Cadena de Suministros,05. Control interno y procesos,Proveedores con contrato o acuerdo comercial,Proveedores estratégicos con contrato vigente ÷ Proveedores estratégicos,≥ 50%,34%,Power BI · Compras,Trimestral,Existe en sistema,Se mantiene,,
Cadena de Suministros,05. Control interno y procesos,Cotizaciones comparativas en compras mayores,Compras arriba del umbral con 3 cotizaciones documentadas ÷ Compras arriba del umbral,100%,Sin medición,Business Central · compras,Mensual,Parcial,Nuevo,,
Finanzas,01. Vender más,Ciclo de estimación a cobro,Días de estimación aprobada a depósito del cliente,≤ 45 días,Sin medición · Pemex opera 60–120,Business Central · CxC,Mensual,Parcial,Nuevo,,Convertir la venta en caja es la forma en que Finanzas vende más.
Finanzas,01. Vender más,Obra ejecutada no estimada (WIP),Valor de obra o servicio ejecutado sin estimar ÷ Ingreso del periodo,≤ 5%,Sin medición,Business Central · órdenes de servicio vs. estimaciones,Mensual,Por construir,Nuevo,,Más de 10% de WIP es la principal fuga de flujo en contratistas.
Finanzas,01. Vender más,Estimaciones presentadas en plazo contractual,Estimaciones en fecha ÷ Estimaciones exigibles,≥ 98%,Sin medición,Control de obra,Mensual,Parcial,Nuevo,,La ventana de Pemex es preclusiva: fuera de plazo no se cobra.
Finanzas,02. Entregar mejor,Cierre contable oportuno,Día hábil en que queda cerrada la contabilidad,≤ día 10,Día 10,Business Central,Mensual,Existe en sistema,Se mantiene,,
Finanzas,02. Entregar mejor,Paquete de resultados a Dirección,"Día hábil en que se publica el reporte mensual (P&L por unidad, flujo, CxC, CxP)",≤ día 12,Sin medición,Power BI · Finanzas,Mensual,Parcial,Nuevo,,"Dos días después del cierre, sin excepción."
Finanzas,03. Resultados financieros,Ciclo de conversión de efectivo,Días inventario + DSO − DPO,≤ 90 días,230 días,Business Central,Mensual,Existe en sistema,Se mantiene,,El cobro a Pemex es el driver; oilfield LatAm 90–120.
Finanzas,03. Resultados financieros,Control presupuestal · ahorro vs. año anterior,Ahorro en cuentas de gasto ÷ Gasto del año anterior,≥ 15%,14%,Business Central · presupuesto,Mensual,Existe en sistema,Se mantiene,,
Finanzas,03. Resultados financieros,Flujo de efectivo operativo sobre EBITDA,Flujo de efectivo operativo ÷ EBITDA,≥ 24%,44%,Business Central · flujo,Mensual,Existe en sistema,Se mantiene,,Del catálogo 2026. Mide cuánto EBITDA se vuelve caja.
Finanzas,04. Data correcta y actualizada,Catálogo de cuentas y centros de costo depurados,Cuentas sin movimiento > 12 meses cerradas y sin cuentas puente con saldo al cierre,100%,Sin medición,Business Central · contabilidad,Trimestral,Parcial,Nuevo,,Es el maestro del que Finanzas es dueña.
Finanzas,04. Data correcta y actualizada,Tableros financieros actualizados al cierre,"Tableros de P&L por unidad, flujo y CxC publicados ≤ 2 días hábiles del cierre",100% de los meses,Parcial,Power BI · Finanzas,Mensual,Parcial,Nuevo,,
Finanzas,04. Data correcta y actualizada,"Rentabilidad por marca, familia y segmento",Segmentos con P&L publicado y conciliado ÷ Segmentos definidos,100%,90% (reporte en construcción),Power BI · Finanzas,Mensual,Parcial,Se mantiene,,Objetivo 2026 del catálogo corporativo.
Finanzas,05. Control interno y procesos,Obligaciones fiscales presentadas en tiempo,"Declaraciones en plazo ÷ Declaraciones exigibles (ISR, IVA, DIOT, CFDI 4.0)",100%,Sin medición,Contabilidad · calendario fiscal,Mensual,Parcial,Nuevo,,El SAT sanciona desde el primer día.
Finanzas,05. Control interno y procesos,Conciliaciones al cierre,"Conciliaciones bancarias, de activo fijo e intercompañías cerradas al día del cierre ÷ Conciliaciones requeridas",100%,Activo fijo 60%,Business Central,Mensual,Existe en sistema,Ajustado,,Absorbe la conciliación de activo fijo 2025 y suma bancos e intercompañías.
Finanzas,05. Control interno y procesos,Check list de auditoría externa atendido,Pendientes de auditores externos atendidos ÷ Total marcado,100%,15%,Auditoría externa,Trimestral,Existe en sistema,Se mantiene,,
TI,01. Vender más,Disponibilidad de sistemas críticos,"Minutos disponibles ÷ Minutos del periodo (Business Central, Power BI, cotizador)",≥ 99.5%,Sin medición,Monitoreo de infraestructura,Mensual,Parcial,Nuevo,,99.5% equivale a 3.6 h de caída al mes.
TI,01. Vender más,Adopción de pedidos de venta y órdenes de servicio en sistema,Unidades operativas que capturan pedidos y órdenes en BC ÷ Unidades operativas,100%,Sin medición,Business Central · logs de uso,Mensual,Parcial,Nuevo,,TI habilita lo que Operaciones debe cumplir: sin módulo en uso no hay pedidos al día.
TI,02. Entregar mejor,Cumplimiento de SLA en mesa de ayuda,Tickets resueltos dentro de SLA ÷ Tickets cerrados,≥ 90%,Sin medición,Mesa de ayuda,Mensual,Parcial,Nuevo,,
TI,02. Entregar mejor,Tiempo de restauración de incidentes críticos (MTTR),Horas del reporte a servicio restablecido en severidad 1,≤ 4 h,Sin medición,Mesa de ayuda,Mensual,Parcial,Nuevo,,
TI,02. Entregar mejor,Proyectos de TI entregados en tiempo,Proyectos cerrados dentro de fecha comprometida ÷ Proyectos cerrados,≥ 85%,Sin medición,Portafolio de TI,Trimestral,Parcial,Nuevo,,
TI,03. Resultados financieros,Gasto de TI sobre ingresos,Gasto total de TI ÷ Ingresos,1.5 – 2.5%,Sin medición,Business Central · presupuesto TI,Trimestral,Existe en sistema,Nuevo,,Gartner energía 1.5–3%.
TI,03. Resultados financieros,Licencias sin uso,Licencias pagadas sin actividad en 90 días ÷ Licencias pagadas,≤ 5%,Sin medición,Consolas de licenciamiento,Trimestral,Parcial,Nuevo,,
TI,04. Data correcta y actualizada,Índice de calidad de datos maestros (medición),Índice publicado mensualmente para los 5 maestros con dueño y plan de limpieza,≥ 95% · publicado 12 de 12 meses,Sin medición,Business Central · script de calidad,Mensual,Por construir,Nuevo,,TI construye y publica la medición; cada subdirección limpia su maestro.
TI,04. Data correcta y actualizada,Tableros publicados y actualizados en plazo,Actualizaciones de Power BI exitosas ≤ 24 h ÷ Actualizaciones programadas,≥ 98%,Sin medición,Power BI · historial de refresh,Semanal,Existe en sistema,Nuevo,,
TI,04. Data correcta y actualizada,Indicadores del esquema con dato de sistema,Indicadores alimentados desde BC o Power BI ÷ Indicadores del esquema,≥ 80%,35% (19 de 54),Este portal,Trimestral,Existe en sistema,Nuevo,,Hoy solo 19 de 54 indicadores salen de sistema; el resto es captura manual.
TI,04. Data correcta y actualizada,Procesos core operados en sistema,"Procesos core (venta, compra, inventario, servicio, nómina) sin hojas paralelas ÷ Procesos core",100%,Sin medición,Auditoría de procesos con TI,Trimestral,Por construir,Nuevo,,Una hoja de Excel paralela es data desactualizada por definición.
TI,05. Control interno y procesos,Respaldos verificados con restauración,Pruebas de restauración exitosas ÷ Pruebas programadas,100% mensual,Sin medición,Infraestructura,Mensual,Parcial,Nuevo,,
TI,05. Control interno y procesos,Revisión de accesos y bajas,Usuarios dados de baja en sistemas ≤ 24 h de la baja laboral ÷ Bajas · revisión trimestral de accesos ejecutada,100%,Sin medición,Directorio activo · CH,Mensual,Parcial,Nuevo,,
TI,05. Control interno y procesos,Ciberseguridad,Incidentes con impacto en operación · usuarios que superan la prueba de phishing,0 incidentes · ≥ 90%,Sin medición,Seguridad de TI,Trimestral,Parcial,Nuevo,,
Capital Humano & Legal,01. Vender más,Vacantes técnicas y comerciales cubiertas en plazo,Vacantes cubiertas ≤ 30 días ÷ Vacantes autorizadas,≥ 90%,Sin medición,Reclutamiento,Mensual,Parcial,Nuevo,,SHRM promedio 36–42 días; posiciones técnicas 45–60. Sin gente no se vende ni se opera.
Capital Humano & Legal,01. Vender más,Personal certificado para operar,Técnicos con las certificaciones que exige el contrato vigentes ÷ Técnicos que las requieren,100%,Sin medición,Registro de certificaciones,Mensual,Parcial,Nuevo,,Compartido con Operaciones: CH administra el registro.
Capital Humano & Legal,02. Entregar mejor,Cumplimiento del plan de capacitación (DC-3),Cursos impartidos ÷ Cursos del programa STPS,≥ 90%,Sin medición,Capacitación,Trimestral,Parcial,Nuevo,,
Capital Humano & Legal,02. Entregar mejor,Nómina sin errores,Incidencias de nómina corregidas después de pago ÷ Recibos emitidos,≤ 0.5%,Sin medición,Nómina,Mensual,Parcial,Nuevo,,
Capital Humano & Legal,02. Entregar mejor,Asuntos legales atendidos en plazo,"Contratos, convenios y requerimientos legales resueltos en la fecha comprometida ÷ Recibidos",≥ 95%,Sin medición,Legal,Mensual,Por construir,Nuevo,,Es la parte Legal de la subdirección.
Capital Humano & Legal,03. Resultados financieros,Costo total de nómina sobre ingresos,Nómina total con carga social ÷ Ingresos,≤ 13%,Meta 2026 del catálogo,Business Central + nómina,Mensual,Existe en sistema,Nuevo,,
Capital Humano & Legal,03. Resultados financieros,Rotación voluntaria anualizada,Bajas voluntarias ÷ Plantilla promedio,≤ 12%,Sin medición,Nómina,Mensual,Parcial,Nuevo,,Oilfield services México 15–20%.
Capital Humano & Legal,03. Resultados financieros,EBITDA por headcount,EBITDA consolidado ÷ Plantilla promedio,"≥ $60,000 USD","$64,000 USD",Business Central + nómina,Trimestral,Existe en sistema,Se mantiene,,
Capital Humano & Legal,03. Resultados financieros,Contingencias laborales,Costo de demandas y finiquitos por litigio ÷ Presupuesto de contingencias,≤ 100%,Sin medición,Legal · Nómina,Trimestral,Parcial,Nuevo,,
Capital Humano & Legal,04. Data correcta y actualizada,Maestro de empleados y organigrama en sistema,"Empleados con puesto, área, jefe, ubicación y sueldo vigentes en sistema ÷ Plantilla",100%,Sin medición,Nómina · Business Central,Mensual,Parcial,Nuevo,,Es el maestro del que CH es dueña. El export de nómina de hoy trae 8 guardias sin gerencia asignada.
Capital Humano & Legal,04. Data correcta y actualizada,Expedientes digitales completos,Expedientes con los documentos obligatorios digitalizados ÷ Plantilla,≥ 98%,Sin medición,Expediente digital,Trimestral,Parcial,Nuevo,,
Capital Humano & Legal,04. Data correcta y actualizada,Tablero de personas actualizado,"Tablero de headcount, rotación, ausentismo y vacantes publicado con cierre de mes","Mensual, sin retraso",Sin tablero,Power BI · CH,Mensual,Por construir,Nuevo,,
Capital Humano & Legal,05. Control interno y procesos,"Cumplimiento STPS, IMSS e INFONAVIT",Sanciones o requerimientos firmes en el periodo,0,Sin medición,Legal · Nómina,Trimestral,Parcial,Nuevo,,
Capital Humano & Legal,05. Control interno y procesos,Evaluación 360° aplicada,Subdirectores y gerentes evaluados ÷ Universo,100%,Subdirectores 100%,Este portal,Anual,Existe en sistema,Ajustado,,Se extiende del nivel subdirector al nivel gerente.
Capital Humano & Legal,05. Control interno y procesos,NOM-035 cumplida,Fases de la norma implementadas y documentadas ÷ Fases exigibles,100%,Sin medición,CH,Anual,Parcial,Nuevo,,
Auditoría y Riesgo,01. Vender más,Precalificación de clientes sin hallazgos bloqueantes,"Procesos de precalificación (Pemex, privados) aprobados sin observación que bloquee ÷ Procesos",100%,Sin medición,Cumplimiento · Comercial,Trimestral,Parcial,Nuevo,,Auditoría vende más cuando la empresa puede licitar sin trabas.
Auditoría y Riesgo,01. Vender más,Certificaciones corporativas vigentes,Certificaciones ISO 9001 / 14001 / 45001 y registros ASEA vigentes ÷ Requeridas,100%,Sin medición,Cumplimiento,Trimestral,Parcial,Nuevo,,
Auditoría y Riesgo,02. Entregar mejor,Informes de auditoría entregados en plazo,Informes emitidos ≤ 10 días hábiles del cierre de campo ÷ Auditorías ejecutadas,≥ 95%,Sin medición,Auditoría interna,Mensual,Parcial,Nuevo,,
Auditoría y Riesgo,02. Entregar mejor,Cumplimiento del plan anual de auditoría,Auditorías ejecutadas ÷ Auditorías planeadas,≥ 95%,90%,Auditoría interna,Trimestral,Existe en sistema,Se mantiene,,
Auditoría y Riesgo,03. Resultados financieros,Recuperación por hallazgos,Monto recuperado o evitado por hallazgos ÷ Costo del área,≥ 3x,Sin medición,Auditoría interna,Trimestral,Por construir,Nuevo,,Programas de control interno maduros retornan 3–5x.
Auditoría y Riesgo,03. Resultados financieros,Exposición mitigada,$ corregido ÷ $ identificado en hallazgos con impacto económico,≥ 80%,Sin dato 2025,Auditoría interna,Trimestral,Parcial,Se mantiene,,
Auditoría y Riesgo,04. Data correcta y actualizada,Cobertura documental de procesos,Procesos críticos documentados y vigentes ÷ Universo de procesos críticos,≥ 90%,59%,Gestión de procesos,Trimestral,Existe en sistema,Se mantiene,,
Auditoría y Riesgo,04. Data correcta y actualizada,Matriz de riesgos y controles actualizada,"Controles clave con dueño, frecuencia y evidencia vigente ÷ Controles clave",100%,Sin medición,Control y riesgo,Trimestral,Parcial,Nuevo,,
Auditoría y Riesgo,04. Data correcta y actualizada,Alertas del cuarto de control atendidas en plazo,Alertas cerradas dentro de SLA ÷ Alertas generadas,≥ 95%,Sin medición,Cuarto de control,Semanal,Parcial,Nuevo,,
Auditoría y Riesgo,05. Control interno y procesos,Remediación de hallazgos en plazo,Hallazgos cerrados en fecha ÷ Hallazgos comprometidos,≥ 90%,100%,Auditoría interna,Mensual,Existe en sistema,Se mantiene,,
Auditoría y Riesgo,05. Control interno y procesos,Hallazgos recurrentes,Hallazgos repetidos ÷ Total de hallazgos,≤ 10%,Sin dato 2025,Auditoría interna,Trimestral,Parcial,Se mantiene,,
Auditoría y Riesgo,05. Control interno y procesos,Calidad documental vs. COSO / NIF,Documentos de control que cumplen el estándar ÷ Documentos revisados,≥ 60%,38%,Control y riesgo,Trimestral,Existe en sistema,Se mantiene,,
Auditoría y Riesgo,05. Control interno y procesos,Denuncias de línea ética atendidas en plazo,Denuncias resueltas ≤ 30 días ÷ Denuncias recibidas,100%,Sin medición,Cumplimiento,Mensual,Parcial,Nuevo,,
Auditoría y Riesgo,05. Control interno y procesos,Sanciones regulatorias,"Sanciones firmes de ASEA, STPS, CNH o SAT en el periodo",0,Sin medición,Cumplimiento,Trimestral,Parcial,Nuevo,,
